{"mean":{"confidence_interval":{"confidence_level":0.95,"lower_bound":-0.010400410153588972,"upper_bound":0.018534889572870212},"point_estimate":-0.0008881022688665974,"standard_error":0.0073142157646989385},"median":{"confidence_interval":{"confidence_level":0.95,"lower_bound":-0.01170829909534199,"upper_bound":-0.006350488602714366},"point_estimate":-0.008643107265215,"standard_error":0.0013435924284136425}}