{"mean":{"confidence_interval":{"confidence_level":0.95,"lower_bound":-0.011904737132703513,"upper_bound":-0.006460039296852317},"point_estimate":-0.00952556813615002,"standard_error":0.0013714837628000084},"median":{"confidence_interval":{"confidence_level":0.95,"lower_bound":-0.014151018220703304,"upper_bound":-0.007809397309899602},"point_estimate":-0.010590201229980889,"standard_error":0.0016758527233050034}}