{"mean":{"confidence_interval":{"confidence_level":0.95,"lower_bound":0.0021768055396720006,"upper_bound":0.010495622939460523},"point_estimate":0.006376005989379374,"standard_error":0.0021354259605722054},"median":{"confidence_interval":{"confidence_level":0.95,"lower_bound":-0.0009553433583681104,"upper_bound":0.006850201499783326},"point_estimate":0.002597265934300319,"standard_error":0.0019690001180434906}}