{"mean":{"confidence_interval":{"confidence_level":0.95,"lower_bound":0.0068787420060111406,"upper_bound":0.011004904712307672},"point_estimate":0.008945544327789268,"standard_error":0.0010542361328153334},"median":{"confidence_interval":{"confidence_level":0.95,"lower_bound":0.00745733977196017,"upper_bound":0.011164349362447812},"point_estimate":0.008893166200993452,"standard_error":0.0010133548032563997}}