{"mean":{"confidence_interval":{"confidence_level":0.95,"lower_bound":-0.007601221668446023,"upper_bound":-0.002992788890053552},"point_estimate":-0.0051817491854528885,"standard_error":0.0011838262365173823},"median":{"confidence_interval":{"confidence_level":0.95,"lower_bound":-0.0073174354712189915,"upper_bound":-0.004314780338076667},"point_estimate":-0.005345703385273071,"standard_error":0.0007761101240531875}}