{"mean":{"confidence_interval":{"confidence_level":0.95,"lower_bound":-0.0037109961820146475,"upper_bound":0.007646489665658246},"point_estimate":0.003156938537385079,"standard_error":0.002999829760784818},"median":{"confidence_interval":{"confidence_level":0.95,"lower_bound":0.004184710084224275,"upper_bound":0.007916150175228953},"point_estimate":0.006373796449442137,"standard_error":0.000931297736544443}}