{"mean":{"confidence_interval":{"confidence_level":0.95,"lower_bound":0.014595878546860003,"upper_bound":0.019590870730013744},"point_estimate":0.017001681144269698,"standard_error":0.0012693155691291997},"median":{"confidence_interval":{"confidence_level":0.95,"lower_bound":0.013948182502562023,"upper_bound":0.020141397523487203},"point_estimate":0.01726019549045099,"standard_error":0.0015809118641958247}}