{"mean":{"confidence_interval":{"confidence_level":0.95,"lower_bound":-0.008798906019949964,"upper_bound":-0.0033146419015569173},"point_estimate":-0.00618645076711577,"standard_error":0.0013839208717808494},"median":{"confidence_interval":{"confidence_level":0.95,"lower_bound":-0.008358132180132998,"upper_bound":-0.001188574816823218},"point_estimate":-0.004221547050011321,"standard_error":0.0018736268872675576}}