{"mean":{"confidence_interval":{"confidence_level":0.95,"lower_bound":0.006670308510540302,"upper_bound":0.013230347401994828},"point_estimate":0.009905462100166407,"standard_error":0.0016708091213979946},"median":{"confidence_interval":{"confidence_level":0.95,"lower_bound":0.0073627803320164276,"upper_bound":0.012701369150245556},"point_estimate":0.009974374196818125,"standard_error":0.0013542512807045942}}