{"mean":{"confidence_interval":{"confidence_level":0.95,"lower_bound":0.01636140883090258,"upper_bound":0.047308501450653},"point_estimate":0.0292298564313902,"standard_error":0.007643518388404241},"median":{"confidence_interval":{"confidence_level":0.95,"lower_bound":0.007099141580972264,"upper_bound":0.014085144939690805},"point_estimate":0.00936812890942429,"standard_error":0.0018268002033714292}}