{"mean":{"confidence_interval":{"confidence_level":0.95,"lower_bound":0.009876270327310366,"upper_bound":0.015120189467534228},"point_estimate":0.012405547790107496,"standard_error":0.0013292363258750413},"median":{"confidence_interval":{"confidence_level":0.95,"lower_bound":0.00953398120308302,"upper_bound":0.014868577112306935},"point_estimate":0.012724721421730756,"standard_error":0.001336188158622197}}