{"mean":{"confidence_interval":{"confidence_level":0.95,"lower_bound":-0.0006088452489638069,"upper_bound":0.00785987475237887},"point_estimate":0.003664643260016698,"standard_error":0.0021587782574520585},"median":{"confidence_interval":{"confidence_level":0.95,"lower_bound":-0.0015168580997065861,"upper_bound":0.006547634528290658},"point_estimate":0.0018078473432365794,"standard_error":0.0020228087266234937}}