{"mean":{"confidence_interval":{"confidence_level":0.95,"lower_bound":-0.005918243702303501,"upper_bound":0.005037564056252557},"point_estimate":3.94197802622287e-7,"standard_error":0.0027983713760814533},"median":{"confidence_interval":{"confidence_level":0.95,"lower_bound":-0.006852269218377893,"upper_bound":0.0005267150288726598},"point_estimate":-0.004462218876002844,"standard_error":0.0018653868498493896}}