{"mean":{"confidence_interval":{"confidence_level":0.95,"lower_bound":0.02062176640819895,"upper_bound":0.024018430335474822},"point_estimate":0.02223672096917584,"standard_error":0.0008738154493522894},"median":{"confidence_interval":{"confidence_level":0.95,"lower_bound":0.021214495728409943,"upper_bound":0.024979394911861935},"point_estimate":0.022541386918237816,"standard_error":0.0010140409031313142}}