{"mean":{"confidence_interval":{"confidence_level":0.95,"lower_bound":0.025192275364696304,"upper_bound":0.032713792174032065},"point_estimate":0.028494710133426304,"standard_error":0.0019018257241899656},"median":{"confidence_interval":{"confidence_level":0.95,"lower_bound":0.02414214890573254,"upper_bound":0.02738006194181053},"point_estimate":0.026044847019937256,"standard_error":0.000861995517513628}}