{"mean":{"confidence_interval":{"confidence_level":0.95,"lower_bound":-0.003891438626650842,"upper_bound":0.00021662638736534172},"point_estimate":-0.0017781334441602237,"standard_error":0.0010557886941879931},"median":{"confidence_interval":{"confidence_level":0.95,"lower_bound":-0.0044558024321643686,"upper_bound":0.00044033479429154894},"point_estimate":-0.0016398699939715877,"standard_error":0.0012033582287740072}}