{"mean":{"confidence_interval":{"confidence_level":0.95,"lower_bound":-0.01864840727903847,"upper_bound":-0.015280416042835135},"point_estimate":-0.016904379637973532,"standard_error":0.0008580908226932103},"median":{"confidence_interval":{"confidence_level":0.95,"lower_bound":-0.017781160505833227,"upper_bound":-0.01353914985038318},"point_estimate":-0.01518343245667464,"standard_error":0.0010629364843723252}}