{"mean":{"confidence_interval":{"confidence_level":0.95,"lower_bound":-0.0058783072221904485,"upper_bound":0.001710447972615528},"point_estimate":-0.002558848287456228,"standard_error":0.0018879732993183262},"median":{"confidence_interval":{"confidence_level":0.95,"lower_bound":-0.00670568856798559,"upper_bound":-0.0010434931256074753},"point_estimate":-0.0045852163924527956,"standard_error":0.0014883429339915923}}