{"mean":{"confidence_interval":{"confidence_level":0.95,"lower_bound":-0.001630732489860348,"upper_bound":0.010555917768816741},"point_estimate":0.0026835366900732627,"standard_error":0.003369252634530654},"median":{"confidence_interval":{"confidence_level":0.95,"lower_bound":-0.00464255598156893,"upper_bound":0.0005533458642645872},"point_estimate":-0.002643620676412106,"standard_error":0.0013221751468104298}}