{"mean":{"confidence_interval":{"confidence_level":0.95,"lower_bound":0.0017360960198545398,"upper_bound":0.009918468726377788},"point_estimate":0.005665359340917053,"standard_error":0.0020672046744771634},"median":{"confidence_interval":{"confidence_level":0.95,"lower_bound":0.0019692306585998853,"upper_bound":0.00949099355541061},"point_estimate":0.0061653596536876965,"standard_error":0.0018473205053519386}}