{"mean":{"confidence_interval":{"confidence_level":0.95,"lower_bound":0.02405209598592638,"upper_bound":0.0274861379091071},"point_estimate":0.025698811517495868,"standard_error":0.0008708837648818824},"median":{"confidence_interval":{"confidence_level":0.95,"lower_bound":0.022876034861801786,"upper_bound":0.0271560250981997},"point_estimate":0.02476295487179314,"standard_error":0.0010763424150654448}}