{"mean":{"confidence_interval":{"confidence_level":0.95,"lower_bound":0.008242660087991183,"upper_bound":0.012437666744945208},"point_estimate":0.010252755193945973,"standard_error":0.0010777959148747772},"median":{"confidence_interval":{"confidence_level":0.95,"lower_bound":0.00718149527112133,"upper_bound":0.010984272842957221},"point_estimate":0.009121454711275234,"standard_error":0.0010541576734081862}}