{"mean":{"confidence_interval":{"confidence_level":0.95,"lower_bound":-0.002002221450255928,"upper_bound":0.004492242786550503},"point_estimate":0.0008552311149987446,"standard_error":0.0016186686119925287},"median":{"confidence_interval":{"confidence_level":0.95,"lower_bound":-0.0037894661829624633,"upper_bound":0.0025976223834573986},"point_estimate":0.00005704354803048872,"standard_error":0.0016572758000906055}}