{"mean":{"confidence_interval":{"confidence_level":0.95,"lower_bound":23611.26677259316,"upper_bound":23678.38690563616},"point_estimate":23643.55983455125,"standard_error":17.134278469207544},"median":{"confidence_interval":{"confidence_level":0.95,"lower_bound":23592.803030303032,"upper_bound":23654.87707641196},"point_estimate":23617.459301546704,"standard_error":16.621669430740294},"median_abs_dev":{"confidence_interval":{"confidence_level":0.95,"lower_bound":103.46959316304397,"upper_bound":169.1254151333996},"point_estimate":131.8050831106891,"standard_error":16.899758931934347},"slope":{"confidence_interval":{"confidence_level":0.95,"lower_bound":23586.486021853452,"upper_bound":23651.660706030292},"point_estimate":23616.968826377306,"standard_error":16.680725585121902},"std_dev":{"confidence_interval":{"confidence_level":0.95,"lower_bound":130.32216147164837,"upper_bound":208.82439160315053},"point_estimate":171.46841666346012,"standard_error":20.142836023619882}}