{"mean":{"confidence_interval":{"confidence_level":0.95,"lower_bound":-0.00974088530678094,"upper_bound":-0.004054009673239513},"point_estimate":-0.0068393380942674,"standard_error":0.0014486794815377249},"median":{"confidence_interval":{"confidence_level":0.95,"lower_bound":-0.009108271883238483,"upper_bound":-0.0039570385614456915},"point_estimate":-0.005916722160213328,"standard_error":0.0013351513274261519}}