{"mean":{"confidence_interval":{"confidence_level":0.95,"lower_bound":-0.010624038949558018,"upper_bound":-0.002233620091222015},"point_estimate":-0.0061093584740095075,"standard_error":0.0021342369530729715},"median":{"confidence_interval":{"confidence_level":0.95,"lower_bound":-0.009019385802917723,"upper_bound":-0.0023842137104731487},"point_estimate":-0.0055871788391069765,"standard_error":0.001711230101765514}}