{"mean":{"confidence_interval":{"confidence_level":0.95,"lower_bound":-0.000433878719341504,"upper_bound":0.011443821251115292},"point_estimate":0.005063374533783582,"standard_error":0.002963520852567649},"median":{"confidence_interval":{"confidence_level":0.95,"lower_bound":-0.006932500812406706,"upper_bound":0.004488490311086002},"point_estimate":-0.003314211105131193,"standard_error":0.0030315915238012356}}